{
  "val_pixel_accuracy": 0.9957676599733531,
  "val_iou": 0.9269701685513702
}
